scenario,seed,metric,n_observations,n_test,chosen_model,chosen_mae,persistence_mae,improvement_pct
original,11,countermovement_jump,1248,240,recent_3_mean,0.7586,0.7136,-6.31
original,11,grip_strength,1248,240,ridge,0.9876,0.9097,-8.56
measurement_noise,11,countermovement_jump,1248,240,recent_3_mean,1.556,1.8139,14.22
measurement_noise,11,grip_strength,1248,240,recent_3_mean,2.1213,2.514,15.62
missing_sessions,11,countermovement_jump,951,186,ridge,0.7375,0.7241,-1.85
missing_sessions,11,grip_strength,953,180,ridge,0.9926,0.9467,-4.85
late_level_shift,11,countermovement_jump,1248,240,recent_3_mean,0.9241,0.816,-13.25
late_level_shift,11,grip_strength,1248,240,ridge,1.2208,1.0524,-16.0
original,17,countermovement_jump,1248,240,recent_3_mean,0.7603,0.7567,-0.48
original,17,grip_strength,1248,240,ridge,0.9405,0.8853,-6.24
measurement_noise,17,countermovement_jump,1248,240,recent_3_mean,1.429,1.6517,13.48
measurement_noise,17,grip_strength,1248,240,recent_3_mean,1.8832,2.1823,13.71
missing_sessions,17,countermovement_jump,940,182,recent_3_mean,0.7835,0.8223,4.72
missing_sessions,17,grip_strength,910,179,ridge,0.9007,0.9456,4.75
late_level_shift,17,countermovement_jump,1248,240,recent_3_mean,0.8614,0.8407,-2.46
late_level_shift,17,grip_strength,1248,240,ridge,1.1773,1.0533,-11.77
original,23,countermovement_jump,1248,240,recent_3_mean,0.8149,0.7529,-8.23
original,23,grip_strength,1248,240,recent_3_mean,1.2797,1.1531,-10.98
measurement_noise,23,countermovement_jump,1248,240,recent_3_mean,1.6597,1.8801,11.72
measurement_noise,23,grip_strength,1248,240,ridge,2.2339,2.4469,8.7
missing_sessions,23,countermovement_jump,942,177,persistence,0.8473,0.8473,0.0
missing_sessions,23,grip_strength,934,185,recent_3_mean,1.2969,1.1797,-9.93
late_level_shift,23,countermovement_jump,1248,240,recent_3_mean,0.9323,0.8463,-10.16
late_level_shift,23,grip_strength,1248,240,recent_3_mean,1.3902,1.2508,-11.14